name,url_titlepage,url_videopage,url_chunk,content
The Gryphon,https://www.primevideo.com/detail/0LYNRJWRK3M0VQQLS0IRI7NU88/ref=atv_br_def_r_br_c_unkc_1_1,https://www.primevideo.com/detail/0LYNRJWRK3M0VQQLS0IRI7NU88/ref=atv_hm_fcv_prime_sd_mv_resume_t1ACAAAAAA0wh0?autoplay=1&t=0,https://s3-dub-ww.cf.dash.row.aiv-cdn.net/dm/2$FKMMhUyNK0XDjJpEqVFrX35kJRM~/18ef/f4ee/bf88/4694-b511-db41cc73ece2/f4eb043a-83c8-48ee-891c-78196f6545eb_video_7.mp4?amznDtid=AOAGZA014O5RE,url_top_tv
Citadel,https://www.primevideo.com/detail/0U5UNXQ1U9T6S6J2XCIV6UAMWF/ref=atv_br_def_r_br_c_unkc_1_2,https://www.primevideo.com/detail/0U5UNXQ1U9T6S6J2XCIV6UAMWF/ref=atv_hm_fcv_prime_sd_mv_resume_t1ACAAAAAA0wh0?autoplay=1&t=0,https://s3-dub-ww.cf.dash.row.aiv-cdn.net/dm/2$eC4AKnw3emm59ppgbx8hnJ7og20~/075b/fa9f/33cc/47eb-9221-0c2269bca8da/64d3934a-a6e1-4f20-87ad-72a3107f5a10_video_7.mp4?amznDtid=AOAGZA014O5RE,url_top_tv
"Pesci Piccoli: Un' agenzia, molte idee, poco budget",https://www.primevideo.com/detail/0LJNG6ESUFSNFTTD9VKS51HK1Z/ref=atv_br_def_r_br_c_unkc_1_3,https://www.primevideo.com/detail/0LJNG6ESUFSNFTTD9VKS51HK1Z/ref=atv_hm_fcv_prime_sd_mv_resume_t1ACAAAAAA0wh0?autoplay=1&t=0,https://s3-dub-ww.cf.dash.row.aiv-cdn.net/dm/2$7-BJye__klLsKgp95i86JuVypR8~/edbc/e11a/17af/4e27-9528-e5dfffce1892/75033ae4-6f49-45ed-81ef-bdca0e9257b4_video_7.mp4?amznDtid=AOAGZA014O5RE,url_top_tv
The Ferragnez,https://www.primevideo.com/detail/0R9ETOLOQ1DNYUN0QB7UJV5P5S/ref=atv_br_def_r_br_c_unkc_1_4,https://www.primevideo.com/detail/0R9ETOLOQ1DNYUN0QB7UJV5P5S/ref=atv_hm_fcv_prime_sd_mv_resume_t1ACAAAAAA0wh0?autoplay=1&t=0,https://s3-dub-ww.cf.dash.row.aiv-cdn.net/dm/2$bEY_YA2eKhFtIeiyp23c_E7zhnU~/0894/2b54/0450/49f5-b06b-109aca89bd26/3028e3d8-e336-43cd-a355-685cbce5adf6_video_7.mp4?amznDtid=AOAGZA014O5RE,url_top_tv
The Marvelous Mrs. Maisel,https://www.primevideo.com/detail/0SPJS4W18NPJZC6L5DSDLZ8Y6D/ref=atv_br_def_r_br_c_unkc_1_5,https://www.primevideo.com/detail/0SPJS4W18NPJZC6L5DSDLZ8Y6D/ref=atv_hm_fcv_prime_sd_mv_resume_t1ACAAAAAA0wh0?autoplay=1&t=0,https://s3-dub-ww.cf.dash.row.aiv-cdn.net/dm/2$hir-iD5lzbq34LIH_glfZSQF3OY~/49d5/d238/9b95/4940-bf4a-9547eae2890f/d1d32b4d-63a7-412e-b984-557b92000609_video_7.mp4?amznDtid=AOAGZA014O5RE,url_top_tv
The Summer I Turned Pretty,https://www.primevideo.com/detail/0KAW4T6OOSAPQJVCFDCOXNLGJU/ref=atv_br_def_r_br_c_unkc_1_6,https://www.primevideo.com/detail/0KAW4T6OOSAPQJVCFDCOXNLGJU/ref=atv_hm_fcv_prime_sd_mv_resume_t1ACAAAAAA0wh0?autoplay=1&t=0,https://s3-dub-ww.cf.dash.row.aiv-cdn.net/dm/2$JFl6V1ji1gIAmpS6b2YK9ewN2SM~/c92d/2fcf/101d/477b-b6fd-85573633accd/8f3908d4-f980-4f6b-9bd0-a58fa064f74e_video_7.mp4?amznDtid=AOAGZA014O5RE,url_top_tv
Deadloch,https://www.primevideo.com/detail/0PSWNKLZU06NCWW1V2J4CVRBI5/ref=atv_br_def_r_br_c_unkc_1_7,https://www.primevideo.com/detail/0PSWNKLZU06NCWW1V2J4CVRBI5/ref=atv_hm_fcv_prime_sd_mv_resume_t1ACAAAAAA0wh0?autoplay=1&t=0,https://s3-dub-ww.cf.dash.row.aiv-cdn.net/dm/2$vSJC_ANjIlpGlbot2N1Kgb32LV8~/fb13/e650/1126/4352-933d-f82d2da186b8/491991e8-d2c4-4463-b84a-f690e4046943_video_7.mp4?amznDtid=AOAGZA014O5RE,url_top_tv
Reacher,https://www.primevideo.com/detail/0RTZ57DQ6PBHH29UN5JS7U7CW4/ref=atv_br_def_r_br_c_unkc_1_8,https://www.primevideo.com/detail/0RTZ57DQ6PBHH29UN5JS7U7CW4/ref=atv_hm_fcv_prime_sd_mv_resume_t1ACAAAAAA0wh0?autoplay=1&t=0,https://s3-dub-ww.cf.dash.row.aiv-cdn.net/dm/2$nqKHef2LAWkRfhMqHR9tlx3MNTU~/ca3f/2f41/76a7/4c17-8007-1af558106b21/8e6e9ed4-77f7-471d-8b82-abf7eb8ece02_video_7.mp4?amznDtid=AOAGZA014O5RE,url_top_tv
The Vampire Diaries,https://www.primevideo.com/detail/0HG2QOPONEONZPP2ZXNMA6M8Q7/ref=atv_br_def_r_br_c_unkc_1_9,https://www.primevideo.com/detail/0HG2QOPONEONZPP2ZXNMA6M8Q7/ref=atv_hm_fcv_prime_sd_mv_resume_t1ACAAAAAA0wh0?autoplay=1&t=0,https://s3-dub-ww.cf.dash.row.aiv-cdn.net/dm/2$89cCxXul3e3bn2ORvgQ90v8YO2U~/07a1/dcab/1e90/462b-a1a8-48c821bd91ab/dd9cd805-cbd8-47e9-90dc-38576f4a1e45_video_7.mp4?amznDtid=AOAGZA014O5RE,url_top_tv
The Boys,https://www.primevideo.com/detail/0KRGHGZCHKS920ZQGY5LBRF7MA/ref=atv_br_def_r_br_c_unkc_1_10,https://www.primevideo.com/detail/0KRGHGZCHKS920ZQGY5LBRF7MA/ref=atv_hm_fcv_prime_sd_mv_resume_t1ACAAAAAA0wh0?autoplay=1&t=0,https://s3-dub-ww.cf.dash.row.aiv-cdn.net/dm/2$9R3Ukg21IOgcJpOGkgrrKUGyM2w~/ea11/7917/02e1/46ac-8c91-fa990b055fb6/cfe722d1-6073-4c0d-8d5b-89e14e17086a_video_7.mp4?amznDtid=AOAGZA014O5RE,url_top_tv
Carnival Row,https://www.primevideo.com/detail/0T540BA2YI1XDMC8QF7Q5CFPZQ/ref=atv_br_def_r_br_c_unkc_1_11,https://www.primevideo.com/detail/0T540BA2YI1XDMC8QF7Q5CFPZQ/ref=atv_hm_fcv_prime_sd_mv_resume_t1ACAAAAAA0wh0?autoplay=1&t=0,https://s3-dub-ww.cf.dash.row.aiv-cdn.net/dm/2$XMB2JCUUPCtwAPGJ5f5NTNMRT6w~/494a/5d6a/a9af/41b9-8b3f-d0f4953907c7/30633d0e-ec68-467d-8e43-0261b41da2a9_video_7.mp4?amznDtid=AOAGZA014O5RE,url_top_tv
Tom Clancy's Jack Ryan,https://www.primevideo.com/detail/0LICP9T44G7F1H5YO7ES0MVU8M/ref=atv_br_def_r_br_c_unkc_1_12,https://www.primevideo.com/detail/0LICP9T44G7F1H5YO7ES0MVU8M/ref=atv_hm_fcv_prime_sd_mv_resume_t1ACAAAAAA0wh0?autoplay=1&t=0,https://s3-dub-ww.cf.dash.row.aiv-cdn.net/dm/2$6Ccotihw4UPSjXAFK7El7HUJpKw~/ef96/70d3/a57b/4742-b618-d7f732f13545/7bf24e59-a5a2-449e-8f02-b7c15502e51d_video_6.mp4?amznDtid=AOAGZA014O5RE,url_top_tv
The Power,https://www.primevideo.com/detail/0PQ6Y6LRP1RQIRDUX8026VDT3Z/ref=atv_br_def_r_br_c_unkc_1_13,https://www.primevideo.com/detail/0PQ6Y6LRP1RQIRDUX8026VDT3Z/ref=atv_hm_fcv_prime_sd_mv_resume_t1ACAAAAAA0wh0?autoplay=1&t=0,https://s3-dub-ww.cf.dash.row.aiv-cdn.net/dm/2$zNv2FquF_OYkuTmJVZqSxqUTsY0~/e61c/9493/ea00/434c-b609-3e3683078259/b2d53c7e-18d7-49b3-9218-8021364fc4ad_video_7.mp4?amznDtid=AOAGZA014O5RE,url_top_tv
The Lord of the Rings: The Rings of Power,https://www.primevideo.com/detail/0TUVXIO58IUNEPNBF8363Z7YGL/ref=atv_br_def_r_br_c_unkc_1_14,https://www.primevideo.com/detail/0TUVXIO58IUNEPNBF8363Z7YGL/ref=atv_hm_fcv_prime_sd_mv_resume_t1ACAAAAAA0wh0?autoplay=1&t=0,https://s3-dub-ww.cf.dash.row.aiv-cdn.net/dm/2$x8yBl88V98JOnUyPbBJ2PTK9mLo~/54d8/8f69/02db/44b0-b6eb-0f043766985b/375d66d2-2e8c-48ec-aa56-06e931dcd8c2_video_7.mp4?amznDtid=AOAGZA014O5RE,url_top_tv
The Grand Tour,https://www.primevideo.com/detail/0J82A1O4IWN8EXPFXBNT8W3E7T/ref=atv_br_def_r_br_c_unkc_1_15,https://www.primevideo.com/detail/0J82A1O4IWN8EXPFXBNT8W3E7T/ref=atv_hm_fcv_prime_sd_mv_resume_t1ACAAAAAA0wh0?autoplay=1&t=0,https://s3-dub-ww.cf.dash.row.aiv-cdn.net/dm/2$5FylcwS-3PBjWN6qPKmELqUrkFY~/554c/95f4/4716/455f-9430-e44f77b2ea88/59054581-af0a-4c41-a85c-0bd0beeac4e9_video_12.mp4?amznDtid=AOAGZA014O5RE,url_top_tv
Shameless,https://www.primevideo.com/detail/0K1UM6K115ZWVEVV6LMBC8WVAC/ref=atv_br_def_r_br_c_unkc_1_16,https://www.primevideo.com/detail/0K1UM6K115ZWVEVV6LMBC8WVAC/ref=atv_hm_fcv_prime_sd_mv_resume_t1ACAAAAAA0wh0?autoplay=1&t=0,https://s3-dub-ww.cf.dash.row.aiv-cdn.net/dm/2$KBd5EXvOA0GrrBnWJWl91KuRdHI~/1bdd/6c24/f5f6/4bac-b331-9cb8560087ba/298aebc6-d2a9-4191-934c-87894c1db6d0_video_7.mp4?amznDtid=AOAGZA014O5RE,url_top_tv
Chicago Med,https://www.primevideo.com/detail/0HOM5AA8C69VS6HYUS9BL505FL/ref=atv_br_def_r_br_c_unkc_1_17,https://www.primevideo.com/detail/0HOM5AA8C69VS6HYUS9BL505FL/ref=atv_hm_fcv_prime_sd_mv_resume_t1ACAAAAAA0wh0?autoplay=1&t=0,https://m-2008s3.ll.dash.row.aiv-cdn.net/d/2$rGMPeP6qQUw4w_h65r_NZMUXbJw~/ww_dub/5094/6350/e4f7/4060-9b60-514f48dcaae8/9867e14f-c2cd-4f7d-a134-582ac1f9b0d7_video_7.mp4?amznDtid=AOAGZA014O5RE,url_top_tv
Star Trek: Picard,https://www.primevideo.com/detail/0IPFH7LZM86DGI45AU1AN74NZV/ref=atv_br_def_r_br_c_unkc_1_18,https://www.primevideo.com/detail/0IPFH7LZM86DGI45AU1AN74NZV/ref=atv_hm_fcv_prime_sd_mv_resume_t1ACAAAAAA0wh0?autoplay=1&t=0,https://s3-dub-2.cf.dash.row.aiv-cdn.net/dm/2$KK8ucQHccJDoiAMthbO32hJIvaE~/d066/deab/a10e/4a4d-8b34-9629aa93aa3e/7cdbf039-69b7-4c34-a6e1-e03ef0ce538b_video_9.mp4?amznDtid=AOAGZA014O5RE,url_top_tv
House,https://www.primevideo.com/detail/0Q387S9MM7GIJ0WFZEDTO59RFB/ref=atv_br_def_r_br_c_unkc_1_19,https://www.primevideo.com/detail/0Q387S9MM7GIJ0WFZEDTO59RFB/ref=atv_hm_fcv_prime_sd_mv_resume_t1ACAAAAAA0wh0?autoplay=1&t=0,https://s3-dub-2.cf.dash.row.aiv-cdn.net/dm/2$E4zI34zBfL1IIN2CwnUZMslOe0c~/752e/f760/daaa/4b28-8537-f16412b037c7/58d97fe1-05ba-4bcc-a9d4-921b60dd8a0b_video_7.mp4?amznDtid=AOAGZA014O5RE,url_top_tv
"LOL: Qui rit, sort!",https://www.primevideo.com/detail/0G5O1KUJH5VOH9V9NOO5WXANMR/ref=atv_br_def_r_br_c_unkc_1_20,https://www.primevideo.com/detail/0G5O1KUJH5VOH9V9NOO5WXANMR/ref=atv_hm_fcv_prime_sd_mv_resume_t1ACAAAAAA0wh0?autoplay=1&t=0,https://s3-dub-2.cf.dash.row.aiv-cdn.net/dm/2$drmmMGQSw0HagTESShDBlYhp26I~/078f/f4ff/4258/4f21-87c1-c289b2bf683c/1ecb0674-1ad5-4e26-aaa4-f48d5fa30881_video_7.mp4?amznDtid=AOAGZA014O5RE,url_top_tv
The Terminal List,https://www.primevideo.com/detail/0NGB908JKDOZ29WLQ2GS45USOV/ref=atv_br_def_r_br_c_lAPtVnsmr_1_21,https://www.primevideo.com/detail/0NGB908JKDOZ29WLQ2GS45USOV/ref=atv_hm_fcv_prime_sd_mv_resume_t1ACAAAAAA0wh0?autoplay=1&t=0,https://s3-dub-ww.cf.dash.row.aiv-cdn.net/dm/2$LljVASr3PP3z-RpORbmoMwynS3w~/bcbb/4608/94e6/4046-ae96-b8d6d091b851/2a2afbed-0464-48d2-b79e-5f409e59c413_video_11.mp4?amznDtid=AOAGZA014O5RE,url_top_tv
The Mentalist,https://www.primevideo.com/detail/0JCAGVKV8JB0IM3RCVPIWENAMX/ref=atv_br_def_r_br_c_lAPtVnsmr_1_22,https://www.primevideo.com/detail/0JCAGVKV8JB0IM3RCVPIWENAMX/ref=atv_hm_fcv_prime_sd_mv_resume_t1ACAAAAAA0wh0?autoplay=1&t=0,https://s3-dub-2.cf.dash.row.aiv-cdn.net/dm/2$pTeAgq0lEHqXlRrAIqSt-Rrh7EI~/5f71/307b/5bcc/4bf0-97c4-dac7906a8f20/da61931c-9263-4a42-912c-08ea6f512a7f_video_7.mp4?amznDtid=AOAGZA014O5RE,url_top_tv
Chicago Fire,https://www.primevideo.com/detail/0GEMF03IJ07X009AU66C1LKHWO/ref=atv_br_def_r_br_c_lAPtVnsmr_1_23,https://www.primevideo.com/detail/0GEMF03IJ07X009AU66C1LKHWO/ref=atv_hm_fcv_prime_sd_mv_resume_t1ACAAAAAA0wh0?autoplay=1&t=0,https://s3-dub-2.cf.dash.row.aiv-cdn.net/dm/2$HQVrtMRbQFM_EezSurpxMqL3zjw~/5e81/27af/119c/4b19-a221-9f7475db438a/6704c0f2-a880-457f-8bc2-b27d258b78e5_video_7.mp4?amznDtid=AOAGZA014O5RE,url_top_tv
With Love,https://www.primevideo.com/detail/0PDIW200BNB912NUTM43IUBX61/ref=atv_br_def_r_br_c_lAPtVnsmr_1_24,https://www.primevideo.com/detail/0PDIW200BNB912NUTM43IUBX61/ref=atv_hm_fcv_prime_sd_mv_resume_t1ACAAAAAA0wh0?autoplay=1&t=0,https://s3-dub-ww.cf.dash.row.aiv-cdn.net/dm/2$aDQS4HimwX0X8JnC_vWe1UJFwDY~/d097/b350/7bfc/4655-b37e-82c403900ff1/31be853d-18d3-42df-9185-fa2c0e170089_video_7.mp4?amznDtid=AOAGZA014O5RE,url_top_tv
This Is Us,https://www.primevideo.com/detail/0GDP096ORVZ7V5R0WBBSDP04G5/ref=atv_br_def_r_br_c_lAPtVnsmr_1_25,https://www.primevideo.com/detail/0GDP096ORVZ7V5R0WBBSDP04G5/ref=atv_hm_fcv_prime_sd_mv_resume_t1ACAAAAAA0wh0?autoplay=1&t=0,https://s3-dub-2.cf.dash.row.aiv-cdn.net/dm/2$6mALGgtW9hKH9MdBhYO5J4271l4~/8602/af63/a1d8/49f7-bf14-68b8d95c8aec/713975b9-dd20-4921-9e08-7f98d28d071d_video_8.mp4?amznDtid=AOAGZA014O5RE,url_top_tv
Shiny Happy People: Duggar Family Secrets,https://www.primevideo.com/detail/0TRV2VQKIE3NEHOPKZ5G3HION5/ref=atv_br_def_r_br_c_lAPtVnsmr_1_26,https://www.primevideo.com/detail/0TRV2VQKIE3NEHOPKZ5G3HION5/ref=atv_hm_fcv_prime_sd_mv_resume_t1ACAAAAAA0wh0?autoplay=1&t=0,https://s3-dub-ww.cf.dash.row.aiv-cdn.net/dm/2$do2E-Xfz6Jtb6Uzd2KeJHNHHB1o~/c798/22bf/bebe/4bf2-b619-1865d6216701/7bfa8bc2-0f61-4d3d-9802-3e13a69d251f_video_7.mp4?amznDtid=AOAGZA014O5RE,url_top_tv
Fear the Walking Dead,https://www.primevideo.com/detail/0J9NMEBCWXN4CLAOOOU4N3TGPA/ref=atv_br_def_r_br_c_lAPtVnsmr_1_27,https://www.primevideo.com/detail/0J9NMEBCWXN4CLAOOOU4N3TGPA/ref=atv_hm_fcv_prime_sd_mv_resume_t1ACAAAAAA0wh0?autoplay=1&t=0,https://s3-dub-2.cf.dash.row.aiv-cdn.net/dm/2$PFKpsFyh8NJpOw8_NQvaOXd35SA~/6705/a0c3/8354/49de-a567-8baea7fc635b/7f84f694-45dd-4c4c-86ec-3c95e3659948_video_8.mp4?amznDtid=AOAGZA014O5RE,url_top_tv
Supernatural,https://www.primevideo.com/detail/0JCAA2611DQ7NS7X8XE9XLDYCU/ref=atv_br_def_r_br_c_lAPtVnsmr_1_28,https://www.primevideo.com/detail/0JCAA2611DQ7NS7X8XE9XLDYCU/ref=atv_hm_fcv_prime_sd_mv_resume_t1ACAAAAAA0wh0?autoplay=1&t=0,https://s3-dub-2.cf.dash.row.aiv-cdn.net/dm/2$NhdAeKenOhJMeH2ZFRrIcjJmcV4~/379a/644c/efd7/4f35-9999-b929120099dd/0168fab3-db7e-4cc5-b732-2615df81b09e_video_8.mp4?amznDtid=AOAGZA014O5RE,url_top_tv
LOL: Chi ride Ã¨ fuori,https://www.primevideo.com/detail/0NBEE3BVEWF1TD5S3RWG7YZU6G/ref=atv_br_def_r_br_c_lAPtVnsmr_1_29,https://www.primevideo.com/detail/0NBEE3BVEWF1TD5S3RWG7YZU6G/ref=atv_hm_fcv_prime_sd_mv_resume_t1ACAAAAAA0wh0?autoplay=1&t=0,https://s3-dub-2.cf.dash.row.aiv-cdn.net/dm/2$A5Dw9LhHP0wgWm0-p1RwQFnZGXM~/9fb4/2bf4/81a3/431a-9c9e-15894ec32630/196a3883-31fc-4dfe-a783-889bc294bd52_video_7.mp4?amznDtid=AOAGZA014O5RE,url_top_tv
Good Omens,https://www.primevideo.com/detail/0N4OPSBX6TV4Y1WU0O8ELH2D4T/ref=atv_br_def_r_br_c_lAPtVnsmr_1_30,https://www.primevideo.com/detail/0N4OPSBX6TV4Y1WU0O8ELH2D4T/ref=atv_hm_fcv_prime_sd_mv_resume_t1ACAAAAAA0wh0?autoplay=1&t=0,https://m-1679s3.ll.dash.row.aiv-cdn.net/d/2$Gk5gvNrFbfetHLfZ3QBEigSUo2g~/iad_2/cf22/e56a/d5bf/4765-94a7-f337da985386/7c72cacd-82e1-4c90-8669-8dee13be58ed_video_7.mp4?amznDtid=AOAGZA014O5RE,url_top_tv
Clarkson's Farm,https://www.primevideo.com/detail/0HXBV30J672YHO5G6L7TPEO44R/ref=atv_br_def_r_br_c_lAPtVnsmr_1_31,https://www.primevideo.com/detail/0HXBV30J672YHO5G6L7TPEO44R/ref=atv_hm_fcv_prime_sd_mv_resume_t1ACAAAAAA0wh0?autoplay=1&t=0,https://s3-dub-2.cf.dash.row.aiv-cdn.net/dm/2$-X9r9SyCFfdpuO_ym1LrsPYkMYM~/2cf0/40b0/aa7c/4344-b06c-62bc27e39efc/9a9ef7d6-a64d-4ede-bb4a-018785225a8c_video_9.mp4?amznDtid=AOAGZA014O5RE,url_top_tv
Daisy Jones and The Six,https://www.primevideo.com/detail/0PTTLRQF3LB1X2N0OTNY32CH6S/ref=atv_br_def_r_br_c_lAPtVnsmr_1_32,https://www.primevideo.com/detail/0PTTLRQF3LB1X2N0OTNY32CH6S/ref=atv_hm_fcv_prime_sd_mv_resume_t1ACAAAAAA0wh0?autoplay=1&t=0,https://s3-dub-2.cf.dash.row.aiv-cdn.net/dm/2$wbHDeyprOrUvE0WRsuVFF8ec0S8~/a2b7/5855/1f27/4389-aa3e-1acd580911a1/224823f9-5b31-4e1b-babc-d1a7472389db_video_7.mp4?amznDtid=AOAGZA014O5RE,url_top_tv
The Peripheral,https://www.primevideo.com/detail/0PE2SANXUROCEZ5W2FD7WGMM9R/ref=atv_br_def_r_br_c_lAPtVnsmr_1_33,https://www.primevideo.com/detail/0PE2SANXUROCEZ5W2FD7WGMM9R/ref=atv_hm_fcv_prime_sd_mv_resume_t1ACAAAAAA0wh0?autoplay=1&t=0,https://s3-dub-ww.cf.dash.row.aiv-cdn.net/dm/2$PEsPfny4FFqkVZGtJzpb83K01So~/eba3/45b0/e268/4309-a2fc-02bae21ed0b1/766390d1-3294-40bb-865b-e10b03a7e401_video_7.mp4?amznDtid=AOAGZA014O5RE,url_top_tv
The Wheel of Time,https://www.primevideo.com/detail/0U3073DE9J38JXZ5WLZW5O8MH3/ref=atv_br_def_r_br_c_lAPtVnsmr_1_34,https://www.primevideo.com/detail/0U3073DE9J38JXZ5WLZW5O8MH3/ref=atv_hm_fcv_prime_sd_mv_resume_t1ACAAAAAA0wh0?autoplay=1&t=0,https://s3-dub-ww.cf.dash.row.aiv-cdn.net/dm/2$cHHlqQOb6JiHCtvOjq7Xqp21_TI~/3016/2ce4/fec0/4534-b7fd-a2db694580a8/e151bea6-701e-4840-b657-7a2743c1f943_video_7.mp4?amznDtid=AOAGZA014O5RE,url_top_tv
Fleabag,https://www.primevideo.com/detail/0OB9NDUVQKFRSYRSCHT2A784TI/ref=atv_br_def_r_br_c_lAPtVnsmr_1_35,https://www.primevideo.com/detail/0OB9NDUVQKFRSYRSCHT2A784TI/ref=atv_hm_fcv_prime_sd_mv_resume_t1ACAAAAAA0wh0?autoplay=1&t=0,https://s3-dub-2.cf.dash.row.aiv-cdn.net/dm/2$4BroYwi4pebkA2z6bCqWEVbA0CA~/8731/5794/dcff/4af2-891a-5b3a85185de9/c8ce7732-0c38-44f3-9a98-430da205183c_video_7.mp4?amznDtid=AOAGZA014O5RE,url_top_tv
The Devil's Hour,https://www.primevideo.com/detail/0O60NCJ6DOQX1ILR17G161O60A/ref=atv_br_def_r_br_c_lAPtVnsmr_1_36,https://www.primevideo.com/detail/0O60NCJ6DOQX1ILR17G161O60A/ref=atv_hm_fcv_prime_sd_mv_resume_t1ACAAAAAA0wh0?autoplay=1&t=0,https://s3-dub-ww.cf.dash.row.aiv-cdn.net/dm/2$hN0wr-Lg26S6HGfmSATWXY9kEmQ~/b165/0f28/5586/46cb-92a8-81e51d7c2a40/902d23f1-fcce-4955-83aa-dd25dd8a4bbd_video_7.mp4?amznDtid=AOAGZA014O5RE,url_top_tv
The Rig,https://www.primevideo.com/detail/0STMV84T07DTIZVG293V3S2YKM/ref=atv_br_def_r_br_c_lAPtVnsmr_1_37,https://www.primevideo.com/detail/0STMV84T07DTIZVG293V3S2YKM/ref=atv_hm_fcv_prime_sd_mv_resume_t1ACAAAAAA0wh0?autoplay=1&t=0,https://s3-dub-2.cf.dash.row.aiv-cdn.net/dm/2$FXsW0bEWInlkP878a10GCOFDEhY~/91f3/ce94/fd61/4874-8923-99b0f334041e/e9ad2c83-4ef8-47b8-ac08-e10147dbf808_video_9.mp4?amznDtid=AOAGZA014O5RE,url_top_tv
Hunters,https://www.primevideo.com/detail/0S7NABDHXG9Y76ZT6RBYL6W11D/ref=atv_br_def_r_br_c_lAPtVnsmr_1_38,https://www.primevideo.com/detail/0S7NABDHXG9Y76ZT6RBYL6W11D/ref=atv_hm_fcv_prime_sd_mv_resume_t1ACAAAAAA0wh0?autoplay=1&t=0,https://s3-dub-2.cf.dash.row.aiv-cdn.net/dm/2$_eUYSSXyjUNuMq1PLNcuUO9NvlE~/9d2f/15d5/c4fe/4e5f-86a8-7dcd1dbf485a/fcb2435b-5420-4e6f-9dab-0632599137c5_video_8.mp4?amznDtid=AOAGZA014O5RE,url_top_tv
2 Broke Girls,https://www.primevideo.com/detail/0PHZBAD382JK8HIGRWQTAPMOB0/ref=atv_br_def_r_br_c_lAPtVnsmr_1_39,https://www.primevideo.com/detail/0PHZBAD382JK8HIGRWQTAPMOB0/ref=atv_hm_fcv_prime_sd_mv_resume_t1ACAAAAAA0wh0?autoplay=1&t=0,https://s3-dub-2.cf.dash.row.aiv-cdn.net/dm/2$vPJMDG-_ozwGsvpnwGpLUIcIz7c~/b44d/f238/82eb/46b4-b491-6e5df4c2966e/565cac22-e8fd-4a80-b5b0-7c8d709cfd9a_video_8.mp4?amznDtid=AOAGZA014O5RE,url_top_tv
Fringe,https://www.primevideo.com/detail/0M6N41Q301XF8NYNEQ91AFHTMF/ref=atv_br_def_r_br_c_lAPtVnsmr_1_40,https://www.primevideo.com/detail/0M6N41Q301XF8NYNEQ91AFHTMF/ref=atv_hm_fcv_prime_sd_mv_resume_t1ACAAAAAA0wh0?autoplay=1&t=0,https://s3-dub-2.cf.dash.row.aiv-cdn.net/dm/2$hnmDkqOT2uviauNONzVyWGQvT8o~/9356/c007/dab1/4b72-9107-85ee016d81aa/6a990b4c-e978-4c4c-9f0d-4776dd5aeefa_video_8.mp4?amznDtid=AOAGZA014O5RE,url_top_tv
Last Light,https://www.primevideo.com/detail/0TZ7HH2JBPZKPR7OE5PADE9SNY/ref=atv_br_def_r_br_c_lAPtVnsmr_1_41,https://www.primevideo.com/detail/0TZ7HH2JBPZKPR7OE5PADE9SNY/ref=atv_hm_fcv_prime_sd_mv_resume_t1ACAAAAAA0wh0?autoplay=1&t=0,https://s3-dub-2.cf.dash.row.aiv-cdn.net/dm/2$EKbvohPjPhAhxygwEgwurZEir0A~/fccf/2f9c/ca96/4401-9892-11a35262b2ac/b6530f1f-cc4d-4074-bd9d-30978772ba90_video_9.mp4?amznDtid=AOAGZA014O5RE,url_top_tv
Young Sheldon,https://www.primevideo.com/detail/0TIVG3CHSX5TTUUVLI35K5F4XR/ref=atv_br_def_r_br_c_lAPtVnsmr_1_42,https://www.primevideo.com/detail/0TIVG3CHSX5TTUUVLI35K5F4XR/ref=atv_hm_fcv_prime_sd_mv_resume_t1ACAAAAAA0wh0?autoplay=1&t=0,https://s3-dub-2.cf.dash.row.aiv-cdn.net/dm/2$5f5GQeZKpS9-W9sZKqxwNYaGllo~/ab20/db48/e049/48c6-8b16-46a198e941be/b763020c-82dd-4cde-82a7-a0c7a2e8af39_video_8.mp4?amznDtid=AOAGZA014O5RE,url_top_tv
Dead Ringers,https://www.primevideo.com/detail/0P2XC5RRYOA0EB30K11WDMXSV1/ref=atv_br_def_r_br_c_lAPtVnsmr_1_43,https://www.primevideo.com/detail/0P2XC5RRYOA0EB30K11WDMXSV1/ref=atv_hm_fcv_prime_sd_mv_resume_t1ACAAAAAA0wh0?autoplay=1&t=0,https://s3-dub-2.cf.dash.row.aiv-cdn.net/dm/2$aTNLrjCRxSFl2g5fmWzdz5Nh7yU~/e786/0cda/746f/4709-8073-7ee0f51a1ac7/68a3767e-ead6-4108-b609-886d9265e670_video_7.mp4?amznDtid=AOAGZA014O5RE,url_top_tv
Pretty Little Liars,https://www.primevideo.com/detail/0O73MNW1T5EHWNUUJHWNFLQLQE/ref=atv_br_def_r_br_c_lAPtVnsmr_1_44,https://www.primevideo.com/detail/0O73MNW1T5EHWNUUJHWNFLQLQE/ref=atv_hm_fcv_prime_sd_mv_resume_t1ACAAAAAA0wh0?autoplay=1&t=0,https://s3-dub-2.cf.dash.row.aiv-cdn.net/dm/2$09PSR2UYoqSZcAEDPsWtfxXMwy0~/4e77/1a9c/d3ae/49f1-83cd-cb6cb25ec10d/048afe1d-2943-415e-9e93-25a811a6486f_video_7.mp4?amznDtid=AOAGZA014O5RE,url_top_tv
11.22.63,https://www.primevideo.com/detail/0PFNCU55JO1JU9T69OXOPHQ0R1/ref=atv_br_def_r_br_c_lAPtVnsmr_1_45,https://www.primevideo.com/detail/0PFNCU55JO1JU9T69OXOPHQ0R1/ref=atv_hm_fcv_prime_sd_mv_resume_t1ACAAAAAA0wh0?autoplay=1&t=0,https://s3-dub-2.cf.dash.row.aiv-cdn.net/dm/2$EqfCfoOUSZin-X00nmcDpKKuR7s~/7406/2772/b59e/4e45-bc10-62810d7a4fdc/5034760c-f07d-4ea1-8d03-2e690b510a89_video_7.mp4?amznDtid=AOAGZA014O5RE,url_top_tv
The Originals,https://www.primevideo.com/detail/0JCB6X9Z0R3VWHA34P2PYZ6ZJ3/ref=atv_br_def_r_br_c_lAPtVnsmr_1_46,https://www.primevideo.com/detail/0JCB6X9Z0R3VWHA34P2PYZ6ZJ3/ref=atv_hm_fcv_prime_sd_mv_resume_t1ACAAAAAA0wh0?autoplay=1&t=0,https://s3-dub-2.cf.dash.row.aiv-cdn.net/dm/2$U5z_V-xxmcrMn4WMr_xYKXrWwL8~/90b6/ca63/326f/4318-bd67-9d060217cd6f/f3a28369-4144-4135-a5ca-c99600bf2696_video_7.mp4?amznDtid=AOAGZA014O5RE,url_top_tv
The Good Doctor,https://www.primevideo.com/detail/0OO3EI0WX74I0JQ44KM0DGWHPT/ref=atv_br_def_r_br_c_lAPtVnsmr_1_47,https://www.primevideo.com/detail/0OO3EI0WX74I0JQ44KM0DGWHPT/ref=atv_hm_fcv_prime_sd_mv_resume_t1ACAAAAAA0wh0?autoplay=1&t=0,https://s3-dub-2.cf.dash.row.aiv-cdn.net/dm/2$_8_Vrn8bZmYkaDiI7rEts40Xi2E~/f3ae/1614/a282/4dce-8e0e-af73e9d90b29/895d7f79-254e-4abb-b571-000c6dccd0d6_video_7.mp4?amznDtid=AOAGZA014O5RE,url_top_tv
The Expanse,https://www.primevideo.com/detail/0MW6F85MD8486AE43GONNOR5F1/ref=atv_br_def_r_br_c_lAPtVnsmr_1_48,https://www.primevideo.com/detail/0MW6F85MD8486AE43GONNOR5F1/ref=atv_hm_fcv_prime_sd_mv_resume_t1ACAAAAAA0wh0?autoplay=1&t=0,https://m-5820s3.ll.dash.row.aiv-cdn.net/d/2$w4q4DDSQV1O2y5IwF2XisvOzdKA~/iad_2/d806/2a39/53b3/44e1-8954-4e71e9b847aa/4e232f89-13d8-45e4-a4ef-a411e4952cec_video_7.mp4?amznDtid=AOAGZA014O5RE,url_top_tv
The Last Ship: The Complete Series,https://www.primevideo.com/detail/0QCCNA244TE0E73D1T1QLUC50O/ref=atv_br_def_r_br_c_lAPtVnsmr_1_49,https://www.primevideo.com/detail/0QCCNA244TE0E73D1T1QLUC50O/ref=atv_hm_fcv_prime_sd_mv_resume_t1ACAAAAAA0wh0?autoplay=1&t=0,https://s3-dub-2.cf.dash.row.aiv-cdn.net/dm/2$fQPvVlEemfZGtozK95YmST3Bbww~/3751/040a/4090/4d92-9ddb-2d88c8d90b11/b8bd6a52-6b11-43d1-b898-ff7d26730d12_video_7.mp4?amznDtid=AOAGZA014O5RE,url_top_tv
Law & Order: Special Victims Unit,https://www.primevideo.com/detail/0PF29SX3R2JJHRUQYKI7ZQGNTJ/ref=atv_br_def_r_br_c_lAPtVnsmr_1_50,https://www.primevideo.com/detail/0PF29SX3R2JJHRUQYKI7ZQGNTJ/ref=atv_hm_fcv_prime_sd_mv_resume_t1ACAAAAAA0wh0?autoplay=1&t=0,https://s3-dub-2.cf.dash.row.aiv-cdn.net/dm/2$nCkUKJ4_7QYt-bUZt1DBsJjGaUI~/b8b8/3026/f9dc/4d9b-b5b5-de681ed72dbf/820c24e6-a4cc-4ad5-80ff-7e0ceea2343a_video_7.mp4?amznDtid=AOAGZA014O5RE,url_top_tv
No Traces,https://www.primevideo.com/detail/0IYTM0AC9F174HPYAL0FG78K1J/ref=atv_br_def_r_br_c_lAPtVnsmr_1_51,https://www.primevideo.com/detail/0IYTM0AC9F174HPYAL0FG78K1J/ref=atv_hm_fcv_prime_sd_mv_resume_t1ACAAAAAA0wh0?autoplay=1&t=0,https://s3-dub-2.cf.dash.row.aiv-cdn.net/dm/2$nJf_kxvDFxQlLUnu92616Pq0fgo~/73a5/63b4/4181/453b-875e-4220d6441685/37dd2ad1-9589-45be-b767-bee9972850d0_video_9.mp4?amznDtid=AOAGZA014O5RE,url_top_tv
The Consultant,https://www.primevideo.com/detail/0POSPEUK3P85GI0HVDHT1XBM1G/ref=atv_br_def_r_br_c_lAPtVnsmr_1_52,https://www.primevideo.com/detail/0POSPEUK3P85GI0HVDHT1XBM1G/ref=atv_hm_fcv_prime_sd_mv_resume_t1ACAAAAAA0wh0?autoplay=1&t=0,https://s3-dub-2.cf.dash.row.aiv-cdn.net/dm/2$Uwv2Pu9LVD1T4JihYsVV9Z8pG1U~/1387/03f5/fa79/479f-b14e-650a66c83f48/2dbb4ca2-0132-42f1-8264-bcbf657bc5cb_video_7.mp4?amznDtid=AOAGZA014O5RE,url_top_tv
GREEK SALAD,https://www.primevideo.com/detail/0KYIYB9BUWE3PRZUNLS5FZS4BZ/ref=atv_br_def_r_br_c_lAPtVnsmr_1_53,https://www.primevideo.com/detail/0KYIYB9BUWE3PRZUNLS5FZS4BZ/ref=atv_hm_fcv_prime_sd_mv_resume_t1ACAAAAAA0wh0?autoplay=1&t=0,https://s3-dub-2.cf.dash.row.aiv-cdn.net/dm/2$DIEq6DGgyfqpYA6_ojpwSPk0xhw~/b7d1/2516/08e3/466b-a6d9-9f494b76258a/0ad4266b-f62b-4186-bc90-5d13b5c279eb_video_7.mp4?amznDtid=AOAGZA014O5RE,url_top_tv
Invincible,https://www.primevideo.com/detail/0K677J96WQ96K6UY6BL15O70CO/ref=atv_br_def_r_br_c_lAPtVnsmr_1_54,https://www.primevideo.com/detail/0K677J96WQ96K6UY6BL15O70CO/ref=atv_hm_fcv_prime_sd_mv_resume_t1ACAAAAAA0wh0?autoplay=1&t=0,https://s3-dub-2.cf.dash.row.aiv-cdn.net/dm/2$_U0rgGduASueGz88mCyBgUarGmg~/b4fb/d501/e6cb/47c3-a474-d509095e3eb1/e16ae6dc-37c8-4bc8-8fa9-cb82ddad627d_video_11.mp4?amznDtid=AOAGZA014O5RE,url_top_tv
The Man In The High Castle (4K UHD),https://www.primevideo.com/detail/0T1R1MXA75ZCR0C3247CHPIS3X/ref=atv_br_def_r_br_c_lAPtVnsmr_1_56,https://www.primevideo.com/detail/0T1R1MXA75ZCR0C3247CHPIS3X/ref=atv_hm_fcv_prime_sd_mv_resume_t1ACAAAAAA0wh0?autoplay=1&t=0,https://m-9212s3.ll.dash.row.aiv-cdn.net/d/2$T8k5PNSKiYnw6EYp24BPCfYenP0~/iad_2/0e77/3df9/59a6/4b3a-af8f-573500724711/d5c1343d-cfc0-48a9-9d44-0edb046ad4e5_video_7.mp4?amznDtid=AOAGZA014O5RE,url_top_tv
Two and a Half Men,https://www.primevideo.com/detail/0GQHDLQS7W5XL4DQIBJPFV6U89/ref=atv_br_def_r_br_c_lAPtVnsmr_1_57,https://www.primevideo.com/detail/0GQHDLQS7W5XL4DQIBJPFV6U89/ref=atv_hm_fcv_prime_sd_mv_resume_t1ACAAAAAA0wh0?autoplay=1&t=0,https://s3-dub-2.cf.dash.row.aiv-cdn.net/dm/2$pD9o4_3TI3PxluFbYs4XF0QqhD4~/6a6f/5822/f2b5/4e03-a0d5-49e219a72f85/0c818845-b600-440e-95f2-b5f4d4438d38_video_8.mp4?amznDtid=AOAGZA014O5RE,url_top_tv
Chuck,https://www.primevideo.com/detail/0LXQUM2J4JKEASHC6BNN1S1IWP/ref=atv_br_def_r_br_c_lAPtVnsmr_1_58,https://www.primevideo.com/detail/0LXQUM2J4JKEASHC6BNN1S1IWP/ref=atv_hm_fcv_prime_sd_mv_resume_t1ACAAAAAA0wh0?autoplay=1&t=0,https://s3-dub-2.cf.dash.row.aiv-cdn.net/dm/2$km3YLBpi2rIVhHiv-x5jlV6-xyg~/c2d7/e53b/73bf/4f75-84c6-6ce2acf1a4b0/ef4c2a93-ba57-4300-9623-02341b160052_video_7.mp4?amznDtid=AOAGZA014O5RE,url_top_tv
Riverdale,https://www.primevideo.com/detail/0LV8Y34VOY2FJ8GKJDHN7VLXL5/ref=atv_br_def_r_br_c_lAPtVnsmr_1_59,https://www.primevideo.com/detail/0LV8Y34VOY2FJ8GKJDHN7VLXL5/ref=atv_hm_fcv_prime_sd_mv_resume_t1ACAAAAAA0wh0?autoplay=1&t=0,https://s3-dub-2.cf.dash.row.aiv-cdn.net/dm/2$PR_710JrnD2BRKcHfIr2R9lgNoQ~/7ac4/5944/d48b/4dab-8a03-32ac530ce75b/fec60b7e-efab-4723-8426-ff627c319fb8_video_7.mp4?amznDtid=AOAGZA014O5RE,url_top_tv
Cold Case,https://www.primevideo.com/detail/0K5JJOZKW5QU9V3G00CE1WGFGZ/ref=atv_br_def_r_br_c_lAPtVnsmr_1_60,https://www.primevideo.com/detail/0K5JJOZKW5QU9V3G00CE1WGFGZ/ref=atv_hm_fcv_prime_sd_mv_resume_t1ACAAAAAA0wh0?autoplay=1&t=0,https://s3-dub-2.cf.dash.row.aiv-cdn.net/dm/2$bhuyH29YzuX8G2roAB9iNl4Atbs~/c372/fd07/0b79/424b-bed9-3af47fb4be64/50bd6ac2-9eec-4df8-bc27-041cb95dd799_video_7.mp4?amznDtid=AOAGZA014O5RE,url_top_tv
The Purge,https://www.primevideo.com/detail/0FSEQSGZ99PFA5DL5OH8X0S30J/ref=atv_br_def_r_br_c_lAPtVnsmr_1_73,https://www.primevideo.com/detail/0FSEQSGZ99PFA5DL5OH8X0S30J/ref=atv_hm_fcv_prime_sd_mv_resume_t1ACAAAAAA0wh0?autoplay=1&t=0,https://s3-dub-2.cf.dash.row.aiv-cdn.net/dm/2$xB4ePS-pHx7QkfD4S5Nm98pFVh8~/7e5b/8023/6673/47fa-a02f-d88219c50367/41b7a341-c2a3-481b-8151-3eeef9c03e17_video_7.mp4?amznDtid=AOAGZA014O5RE,url_top_tv
Chicago P.D.,https://www.primevideo.com/detail/0N4OXPMAJ3XA20DNTE29T3OLI6/ref=atv_br_def_r_br_c_lAPtVnsmr_1_74,https://www.primevideo.com/detail/0N4OXPMAJ3XA20DNTE29T3OLI6/ref=atv_hm_fcv_prime_sd_mv_resume_t1ACAAAAAA0wh0?autoplay=1&t=0,https://s3-dub-2.cf.dash.row.aiv-cdn.net/dm/2$Unt1IQE4dG8nUGVMcqC3TaTu48o~/dece/ca27/7889/494e-b9bc-4a799cc3417f/87b024e1-222a-4280-ac8b-34ef16256d3b_video_7.mp4?amznDtid=AOAGZA014O5RE,url_top_tv
Gossip Girl: The Complete Series,https://www.primevideo.com/detail/0L41PAGYB64Q3K0B3H6G9UOZJ6/ref=atv_br_def_r_br_c_lAPtVnsmr_1_75,https://www.primevideo.com/detail/0L41PAGYB64Q3K0B3H6G9UOZJ6/ref=atv_hm_fcv_prime_sd_mv_resume_t1ACAAAAAA0wh0?autoplay=1&t=0,https://s3-dub-2.cf.dash.row.aiv-cdn.net/dm/2$cl8vjN3e9LgLwBNAYjBq1gnCalY~/dc8f/0b4c/007c/450f-9a3a-2701f009ce70/1f240f79-d529-4569-a006-49070ec9be6e_video_7.mp4?amznDtid=AOAGZA014O5RE,url_top_tv
Top Gear,https://www.primevideo.com/detail/0T65047FRZJATWVK35WALVN8W5/ref=atv_br_def_r_br_c_lAPtVnsmr_1_76,https://www.primevideo.com/detail/0T65047FRZJATWVK35WALVN8W5/ref=atv_hm_fcv_prime_sd_mv_resume_t1ACAAAAAA0wh0?autoplay=1&t=0,https://s3-dub-2.cf.dash.row.aiv-cdn.net/dm/2$oGgpzPfAL-ebeQS2Cbbbil1cNTo~/bc5e/6125/8e8c/49b7-b279-f3992910c374/98384817-4278-46cf-a1c4-c06b2a474d17_video_7.mp4?amznDtid=AOAGZA014O5RE,url_top_tv
Mad Men,https://www.primevideo.com/detail/0MF62E5E4RLHES8EP8YUR5QVAI/ref=atv_br_def_r_br_c_lAPtVnsmr_1_77,https://www.primevideo.com/detail/0MF62E5E4RLHES8EP8YUR5QVAI/ref=atv_hm_fcv_prime_sd_mv_resume_t1ACAAAAAA0wh0?autoplay=1&t=0,https://s3-dub-2.cf.dash.row.aiv-cdn.net/dm/2$31JqkslP_pmvNOU9sVFO-LlKevc~/4112/9d75/19b3/4dcc-b13a-bea26cdf370d/199d29a2-db5c-4702-bd1e-fae367bb3f8b_video_7.mp4?amznDtid=AOAGZA014O5RE,url_top_tv
Rizzoli & Isles,https://www.primevideo.com/detail/0PMLODJ6EZOSTFBBYOCP771YOV/ref=atv_br_def_r_br_c_lAPtVnsmr_1_78,https://www.primevideo.com/detail/0PMLODJ6EZOSTFBBYOCP771YOV/ref=atv_hm_fcv_prime_sd_mv_resume_t1ACAAAAAA0wh0?autoplay=1&t=0,https://s3-dub-2.cf.dash.row.aiv-cdn.net/dm/2$ihZE3w7JL2SZg9lExMjoWGbDns0~/531a/afb1/9a44/4669-8918-c9c7e3330d53/f68f7d43-febe-412d-adba-645f8b34802f_video_7.mp4?amznDtid=AOAGZA014O5RE,url_top_tv
Outer Range,https://www.primevideo.com/detail/0MXZP4ODBZSOP24GEX7IY9ZWJM/ref=atv_br_def_r_br_c_lAPtVnsmr_1_79,https://www.primevideo.com/detail/0MXZP4ODBZSOP24GEX7IY9ZWJM/ref=atv_hm_fcv_prime_sd_mv_resume_t1ACAAAAAA0wh0?autoplay=1&t=0,https://s3-dub-2.cf.dash.row.aiv-cdn.net/dm/2$dW44svaOTJLbBki2Bi5Z34iCPEw~/9b15/c00b/efd0/4541-8dff-6940549284ed/b0449d5c-8905-42f5-8620-3175c8ab9921_video_11.mp4?amznDtid=AOAGZA014O5RE,url_top_tv
Dinner Club,https://www.primevideo.com/detail/0K81ACJRCLP1MQV2U4HI0T5F6T/ref=atv_br_def_r_br_c_lAPtVnsmr_1_80,https://www.primevideo.com/detail/0K81ACJRCLP1MQV2U4HI0T5F6T/ref=atv_hm_fcv_prime_sd_mv_resume_t1ACAAAAAA0wh0?autoplay=1&t=0,https://s3-dub-2.cf.dash.row.aiv-cdn.net/dm/2$CSiH3Vja-PdmYuzzBWtaAIgAqPM~/f43a/cf54/3dec/49f4-a174-c9b8c2389016/166c5e88-cb47-43ba-adad-3df20ea06a85_video_7.mp4?amznDtid=AOAGZA014O5RE,url_top_tv
Downton Abbey,https://www.primevideo.com/detail/0I5LWTRUOEMDFWO0JOB1XU8EAG/ref=atv_br_def_r_br_c_lAPtVnsmr_1_81,https://www.primevideo.com/detail/0I5LWTRUOEMDFWO0JOB1XU8EAG/ref=atv_hm_fcv_prime_sd_mv_resume_t1ACAAAAAA0wh0?autoplay=1&t=0,https://s3-dub-2.cf.dash.row.aiv-cdn.net/dm/2$qmOSn7h_ceG_3Y9xCdJC9rmthkc~/f7a6/5527/1b69/495c-8c3d-91b5b9618e1c/f409fb71-7b9c-4b86-9fcf-b525becfdb38_video_7.mp4?amznDtid=AOAGZA014O5RE,url_top_tv
Night Sky,https://www.primevideo.com/detail/0NDVXKXKMZK9QKXT7EKXGPI216/ref=atv_br_def_r_br_c_lAPtVnsmr_1_82,https://www.primevideo.com/detail/0NDVXKXKMZK9QKXT7EKXGPI216/ref=atv_hm_fcv_prime_sd_mv_resume_t1ACAAAAAA0wh0?autoplay=1&t=0,https://s3-dub-2.cf.dash.row.aiv-cdn.net/dm/2$_qDbgKtwiWaax85LkEWCihJzMl8~/4db0/6cd5/676e/4247-9b85-d2b586884995/1e928d0c-eb7d-4c39-b2eb-6b4dc461e6c8_video_7.mp4?amznDtid=AOAGZA014O5RE,url_top_tv
The Night Manager,https://www.primevideo.com/detail/0MRUIDS4CJ4WX0FJNZYZ3DUBOA/ref=atv_br_def_r_br_c_lAPtVnsmr_1_83,https://www.primevideo.com/detail/0MRUIDS4CJ4WX0FJNZYZ3DUBOA/ref=atv_hm_fcv_prime_sd_mv_resume_t1ACAAAAAA0wh0?autoplay=1&t=0,https://s3-dub-2.cf.dash.row.aiv-cdn.net/dm/2$Ef63YXzVGSwQ354PDdYGwpc7lkA~/3687/d98f/861e/48e1-b403-4f8ff6782680/649ddbfa-8c11-4632-af00-35892a76e8aa_video_7.mp4?amznDtid=AOAGZA014O5RE,url_top_tv
Homecoming,https://www.primevideo.com/detail/0JP2LF83DMAYFDREZ20GAG2DAR/ref=atv_br_def_r_br_c_lAPtVnsmr_1_84,https://www.primevideo.com/detail/0JP2LF83DMAYFDREZ20GAG2DAR/ref=atv_hm_fcv_prime_sd_mv_resume_t1ACAAAAAA0wh0?autoplay=1&t=0,https://a170avoddashs3ww-a.akamaihd.net/d/2$H8dM5Y1mVSrsZ0UCwmK1kvY9ZdQ~/ondemand/iad_2/eb7f/81c0/c14a/41f4-aa39-789a557875c7/a617caf8-97e9-45ab-8ea4-dd6ada70ab1d_video_11.mp4?amznDtid=AOAGZA014O5RE,url_top_tv
Island,https://www.primevideo.com/detail/0JFL0E9EN1EYHUZ5HBBSMI5RCS/ref=atv_br_def_r_br_c_lAPtVnsmr_1_85,https://www.primevideo.com/detail/0JFL0E9EN1EYHUZ5HBBSMI5RCS/ref=atv_hm_fcv_prime_sd_mv_resume_t1ACAAAAAA0wh0?autoplay=1&t=0,https://s3-dub-2.cf.dash.row.aiv-cdn.net/dm/2$kYfei7uymXRaiC1mf8gAu6dXekM~/f666/1a56/af64/4275-b775-2b18491564e6/50874e60-f35f-4e86-b33d-baaf5362e275_video_7.mp4?amznDtid=AOAGZA014O5RE,url_top_tv
One Tree Hill,https://www.primevideo.com/detail/0QOM0PXJRW31C77J2HH44MNJQ4/ref=atv_br_def_r_br_c_lAPtVnsmr_1_86,https://www.primevideo.com/detail/0QOM0PXJRW31C77J2HH44MNJQ4/ref=atv_hm_fcv_prime_sd_mv_resume_t1ACAAAAAA0wh0?autoplay=1&t=0,https://s3-dub-2.cf.dash.row.aiv-cdn.net/dm/2$vdd-A76py_czKkwbr24zY4TGd28~/d8e8/d843/f103/43bb-850a-32e491747250/1caa0635-c286-42af-85ec-134163834c31_video_7.mp4?amznDtid=AOAGZA014O5RE,url_top_tv
Smallville,https://www.primevideo.com/detail/0HOM8J1Y60KNONG0DCGUM8DMXP/ref=atv_br_def_r_br_c_lAPtVnsmr_1_87,https://www.primevideo.com/detail/0HOM8J1Y60KNONG0DCGUM8DMXP/ref=atv_hm_fcv_prime_sd_mv_resume_t1ACAAAAAA0wh0?autoplay=1&t=0,https://s3-dub-2.cf.dash.row.aiv-cdn.net/dm/2$_PLsROK3lFB0f1HHoDIrkIgsYMs~/2c73/ce88/b858/4e43-9207-22bb54a7680f/a39e6b71-baff-47ab-aefc-92d91b465410_video_7.mp4?amznDtid=AOAGZA014O5RE,url_top_tv
The Lake,https://www.primevideo.com/detail/0GOTXH2IYM5ICU0A7MSHJRUE57/ref=atv_br_def_r_br_c_lAPtVnsmr_1_88,https://www.primevideo.com/detail/0GOTXH2IYM5ICU0A7MSHJRUE57/ref=atv_hm_fcv_prime_sd_mv_resume_t1ACAAAAAA0wh0?autoplay=1&t=0,https://s3-dub-2.cf.dash.row.aiv-cdn.net/dm/2$0Ox76uMrV3YNkIz3SXMILjfrWU0~/8d4e/8285/7b87/4362-a78c-5df279ae1679/d48188fa-cd6d-4a22-804f-2b49bccebe4e_video_7.mp4?amznDtid=AOAGZA014O5RE,url_top_tv
DOM,https://www.primevideo.com/detail/0RXMEPPBWG40PBHLDFG8E8QJKN/ref=atv_br_def_r_br_c_lAPtVnsmr_1_89,https://www.primevideo.com/detail/0RXMEPPBWG40PBHLDFG8E8QJKN/ref=atv_hm_fcv_prime_sd_mv_resume_t1ACAAAAAA0wh0?autoplay=1&t=0,https://s3-dub-2.cf.dash.row.aiv-cdn.net/dm/2$1eNefJyZy0aO3cF61IHGe9eW3Qo~/e3cd/1f9a/7ca5/4ca1-a731-4641b8f905fa/ad369903-76de-4989-9826-e8f3d16399c5_video_9.mp4?amznDtid=AOAGZA014O5RE,url_top_tv
American Gods,https://www.primevideo.com/detail/0G0W6BJZ788WKCTROOHJ2ZGC1T/ref=atv_br_def_r_br_c_lAPtVnsmr_1_90,https://www.primevideo.com/detail/0G0W6BJZ788WKCTROOHJ2ZGC1T/ref=atv_hm_fcv_prime_sd_mv_resume_t1ACAAAAAA0wh0?autoplay=1&t=0,https://s3-dub-2.cf.dash.row.aiv-cdn.net/dm/2$fOubRb-jyBCDWVwsj-0EmvS8wF4~/b26f/865c/6ad8/467e-8d1e-4b5df75d0af7/3ddb47d5-6285-42e3-b012-a8ece191d35f_video_7.mp4?amznDtid=AOAGZA014O5RE,url_top_tv
S.W.A.T. (2017),https://www.primevideo.com/detail/0T13NDORD40NTFQZ3IU5HMXU34/ref=atv_br_def_r_br_c_lAPtVnsmr_1_91,https://www.primevideo.com/detail/0T13NDORD40NTFQZ3IU5HMXU34/ref=atv_hm_fcv_prime_sd_mv_resume_t1ACAAAAAA0wh0?autoplay=1&t=0,https://s3-dub-2.cf.dash.row.aiv-cdn.net/dm/2$PeScxJIrJf5jzNj3yij9DQB09qg~/ae8a/ee36/2f71/47f3-88f5-b0f61a3e08c0/ca903f60-ad6f-458c-89ef-3d323fc62209_video_7.mp4?amznDtid=AOAGZA014O5RE,url_top_tv
Nine Perfect Strangers,https://www.primevideo.com/detail/0P7BPKEYWWXV32ZQG8VTHT5SMA/ref=atv_br_def_r_br_c_lAPtVnsmr_1_93,https://www.primevideo.com/detail/0P7BPKEYWWXV32ZQG8VTHT5SMA/ref=atv_hm_fcv_prime_sd_mv_resume_t1ACAAAAAA0wh0?autoplay=1&t=0,https://s3-dub-2.cf.dash.row.aiv-cdn.net/dm/2$gjt95beNARR6HU5HiUf3wlDZNVU~/1253/e023/c6c5/44cd-983e-8f232384f860/1d1a3ee3-4fa0-48db-b099-86a824464e77_video_7.mp4?amznDtid=AOAGZA014O5RE,url_top_tv
The Walking Dead: World Beyond,https://www.primevideo.com/detail/0SKTIKNBRBSVW07SXFBXOW49S8/ref=atv_br_def_r_br_c_lAPtVnsmr_1_94,https://www.primevideo.com/detail/0SKTIKNBRBSVW07SXFBXOW49S8/ref=atv_hm_fcv_prime_sd_mv_resume_t1ACAAAAAA0wh0?autoplay=1&t=0,https://s3-dub-2.cf.dash.row.aiv-cdn.net/dm/2$Tifv8isvdew9A3gZAiGu8IJQcr4~/5f3e/5912/152c/475c-8c83-af1fffab0de0/85266539-5d82-4fae-8643-316a8941077f_video_12.mp4?amznDtid=AOAGZA014O5RE,url_top_tv
The Terror,https://www.primevideo.com/detail/0R5LQART2MFFBK75MSR4T8HIPV/ref=atv_br_def_r_br_c_lAPtVnsmr_1_97,https://www.primevideo.com/detail/0R5LQART2MFFBK75MSR4T8HIPV/ref=atv_hm_fcv_prime_sd_mv_resume_t1ACAAAAAA0wh0?autoplay=1&t=0,https://s3-dub-2.cf.dash.row.aiv-cdn.net/dm/2$q9wHeaKWhAc7F4n3g2lBeYmE6UA~/1b6d/8609/3b72/4f3b-b4ba-1035f3ef4d10/a5a08895-dc98-4edd-8cff-baeb8aed4d0d_video_11.mp4?amznDtid=AOAGZA014O5RE,url_top_tv
The Office,https://www.primevideo.com/detail/0FO4JS60FUKQPO97BSF67NTI8E/ref=atv_br_def_r_br_c_lAPtVnsmr_1_98,https://www.primevideo.com/detail/0FO4JS60FUKQPO97BSF67NTI8E/ref=atv_hm_fcv_prime_sd_mv_resume_t1ACAAAAAA0wh0?autoplay=1&t=0,https://s3-dub-2.cf.dash.row.aiv-cdn.net/dm/2$zRUl54H65HE_yGM3jsCkgzIr7Xc~/0221/6889/905a/4ad4-8e86-f63b765d6f57/3ec576ba-1153-4dca-aa6b-f85347bee3b4_video_7.mp4?amznDtid=AOAGZA014O5RE,url_top_tv
Modern Love,https://www.primevideo.com/detail/0KVQAAI5LR5DXQUXVFX8UZPCO4/ref=atv_br_def_r_br_c_lAPtVnsmr_1_102,https://www.primevideo.com/detail/0KVQAAI5LR5DXQUXVFX8UZPCO4/ref=atv_hm_fcv_prime_sd_mv_resume_t1ACAAAAAA0wh0?autoplay=1&t=0,https://s3-dub-2.cf.dash.row.aiv-cdn.net/dm/2$iYLdmi9AWupvrBiILgzQb52ou6k~/ea4e/450b/08fc/4629-89bf-8984395ebbf2/8e186536-a656-4a08-a945-7f0086df1927_video_11.mp4?amznDtid=AOAGZA014O5RE,url_top_tv
LOL: Last One Laughing Poland,https://www.primevideo.com/detail/0PUCJC0J2GJKS10JKJU3ZAFR0O/ref=atv_br_def_r_br_c_lAPtVnsmr_1_115,https://www.primevideo.com/detail/0PUCJC0J2GJKS10JKJU3ZAFR0O/ref=atv_hm_fcv_prime_sd_mv_resume_t1ACAAAAAA0wh0?autoplay=1&t=0,https://s3-dub-2.cf.dash.row.aiv-cdn.net/dm/2$GeoqMIPOTXmmhbHcVNECYnDXdZA~/475a/babf/a6b3/4265-8153-14faf5eba0bb/48a44134-6d82-4f2c-974d-53f23d9f2ae7_video_7.mp4?amznDtid=AOAGZA014O5RE,url_top_tv
Bosch,https://www.primevideo.com/detail/0ST89BQJ4TMHFQTYFVIV0KJPGE/ref=atv_br_def_r_br_c_lAPtVnsmr_1_116,https://www.primevideo.com/detail/0ST89BQJ4TMHFQTYFVIV0KJPGE/ref=atv_hm_fcv_prime_sd_mv_resume_t1ACAAAAAA0wh0?autoplay=1&t=0,https://s3-dub-2.cf.dash.row.aiv-cdn.net/dm/2$yFyK48NZIrfdJh07jKIgRDkne-k~/0c17/fbee/46bf/4e12-a57a-136b34dda7ff/8e0d6717-9870-4540-be1b-a5938c195fa4_video_7.mp4?amznDtid=AOAGZA014O5RE,url_top_tv
Doctor Who,https://www.primevideo.com/detail/0OWNC2YE69JTCL0J3KYXX3BUNR/ref=atv_br_def_r_br_c_lAPtVnsmr_1_117,https://www.primevideo.com/detail/0OWNC2YE69JTCL0J3KYXX3BUNR/ref=atv_hm_fcv_prime_sd_mv_resume_t1ACAAAAAA0wh0?autoplay=1&t=0,https://s3-dub-2.cf.dash.row.aiv-cdn.net/dm/2$KVBhShmZzRolbt8IHGYAp7ZUpOo~/2120/d792/6524/4297-8936-b924b1702361/838ca781-535d-4480-8f8e-3e0bd140afce_video_7.mp4?amznDtid=AOAGZA014O5RE,url_top_tv
Cruel Summer,https://www.primevideo.com/detail/0RCSUG2WG3M0AI4AQ49HZIX15P/ref=atv_br_def_r_br_c_lAPtVnsmr_1_120,https://www.primevideo.com/detail/0RCSUG2WG3M0AI4AQ49HZIX15P/ref=atv_hm_fcv_prime_sd_mv_resume_t1ACAAAAAA0wh0?autoplay=1&t=0,https://s3-dub-2.cf.dash.row.aiv-cdn.net/dm/2$GviXSp_iJGeAAoSekGETJLljj1s~/9160/1537/e436/4e56-ad6e-212a7af2168f/9f2eab43-af7b-4fd1-a95e-b79e8a9a1313_video_7.mp4?amznDtid=AOAGZA014O5RE,url_top_tv
The Big Bang Theory,https://www.primevideo.com/detail/0LY1XAIWDKHX1EGXOMAT3GVP4J/ref=atv_br_def_r_br_c_lAPtVnsmr_1_121,https://www.primevideo.com/detail/0LY1XAIWDKHX1EGXOMAT3GVP4J/ref=atv_hm_fcv_prime_sd_mv_resume_t1ACAAAAAA0wh0?autoplay=1&t=0,https://s3-dub-2.cf.dash.row.aiv-cdn.net/dm/2$mz7L0p1DRdDL0cTPQU9OpRcoulc~/df9e/03c9/1258/4ea4-b191-131a801101d6/24ce2248-b1a0-4df1-b8e7-a9274c168a91_video_7.mp4?amznDtid=AOAGZA014O5RE,url_top_tv
The O.C.,https://www.primevideo.com/detail/0JKU5P62KIT0GZ6HHVN73C4TM5/ref=atv_br_def_r_br_c_lAPtVnsmr_1_126,https://www.primevideo.com/detail/0JKU5P62KIT0GZ6HHVN73C4TM5/ref=atv_hm_fcv_prime_sd_mv_resume_t1ACAAAAAA0wh0?autoplay=1&t=0,https://s3-dub-2.cf.dash.row.aiv-cdn.net/dm/2$jcT39g1Oj_9Zr2Xs8HMqr-xPIKQ~/2578/62e5/3e83/48ab-bb5a-109d4679eff0/df8b6b7b-2595-42bb-9a65-f744f520b7f0_video_7.mp4?amznDtid=AOAGZA014O5RE,url_top_tv
The Legend of Vox Machina,https://www.primevideo.com/detail/0O1MH4HMS00EO6XP75LWG5TB89/ref=atv_br_def_r_br_c_lAPtVnsmr_1_128,https://www.primevideo.com/detail/0O1MH4HMS00EO6XP75LWG5TB89/ref=atv_hm_fcv_prime_sd_mv_resume_t1ACAAAAAA0wh0?autoplay=1&t=0,https://m-2951s3.ll.dash.row.aiv-cdn.net/d/2$nx6DMIH4MOkWINJWjXR3qTOtF3g~/ww_dub/4953/c065/0601/4b48-8815-dd370edfc53a/037bfb56-1228-4466-9ed3-98278f9c179d_video_7.mp4?amznDtid=AOAGZA014O5RE,url_top_tv
Little Fires Everywhere,https://www.primevideo.com/detail/0G58VI4E18W1LIWZ1O8RPB4CSA/ref=atv_br_def_r_br_c_lAPtVnsmr_1_129,https://www.primevideo.com/detail/0G58VI4E18W1LIWZ1O8RPB4CSA/ref=atv_hm_fcv_prime_sd_mv_resume_t1ACAAAAAA0wh0?autoplay=1&t=0,https://s3-dub-2.cf.dash.row.aiv-cdn.net/dm/2$pZXuFsmeE8-bBLPKQdNODRXTBpE~/9f34/a49b/4b01/45a7-8d2b-8b596a163c64/957ccf1f-1b7a-4436-b5e7-5fce36432a57_video_7.mp4?amznDtid=AOAGZA014O5RE,url_top_tv
Class of '07,https://www.primevideo.com/detail/0Q8AD7QIVNCCG6AVWP4OPXD6GE/ref=atv_br_def_r_br_c_lAPtVnsmr_1_130,https://www.primevideo.com/detail/0Q8AD7QIVNCCG6AVWP4OPXD6GE/ref=atv_hm_fcv_prime_sd_mv_resume_t1ACAAAAAA0wh0?autoplay=1&t=0,https://s3-dub-2.cf.dash.row.aiv-cdn.net/dm/2$U7jihaRMU-MoVt_49IoD2IcxThk~/26e8/46c1/c750/4879-9bfb-51d1fe3efc1b/5db7b417-d254-4923-bf1c-7bb12bfdae5c_video_7.mp4?amznDtid=AOAGZA014O5RE,url_top_tv
Bosch: Legacy,https://www.primevideo.com/detail/0HZJLDTIR64GJGF1PZCYGHHQ38/ref=atv_br_def_r_br_c_lAPtVnsmr_1_132,https://www.primevideo.com/detail/0HZJLDTIR64GJGF1PZCYGHHQ38/ref=atv_hm_fcv_prime_sd_mv_resume_t1ACAAAAAA0wh0?autoplay=1&t=0,https://s3-dub-2.cf.dash.row.aiv-cdn.net/dm/2$0TumAE3F_9AO_MgSfGg9PGVvxLE~/4591/fd71/92f4/450b-aec4-5557f0d01a8f/a367629a-6747-4e73-9755-8f048be4ca0c_video_7.mp4?amznDtid=AOAGZA014O5RE,url_top_tv
Upload,https://www.primevideo.com/detail/0FM87TZIZ3LFJQTKAKKC5OQLRM/ref=atv_br_def_r_br_c_lAPtVnsmr_1_133,https://www.primevideo.com/detail/0FM87TZIZ3LFJQTKAKKC5OQLRM/ref=atv_hm_fcv_prime_sd_mv_resume_t1ACAAAAAA0wh0?autoplay=1&t=0,https://s3-dub-2.cf.dash.row.aiv-cdn.net/dm/2$DL8prbosH6kjgsKCrc_J6HVsGCk~/1f6f/90c0/f872/4886-8f2b-349d6616acdf/a47c763a-8e15-4e66-8eaf-45f295216215_video_8.mp4?amznDtid=AOAGZA014O5RE,url_top_tv
Veronica Mars,https://www.primevideo.com/detail/0N5BSGSQ90ILL57MK4PHQH341L/ref=atv_br_def_r_br_c_lAPtVnsmr_1_135,https://www.primevideo.com/detail/0N5BSGSQ90ILL57MK4PHQH341L/ref=atv_hm_fcv_prime_sd_mv_resume_t1ACAAAAAA0wh0?autoplay=1&t=0,https://s3-dub-2.cf.dash.row.aiv-cdn.net/dm/2$aQc3Pym01NzMYT-3UbkDdLrcHQ8~/d49e/e159/ee09/42bb-b633-7f2aefb037fc/3298124d-7d18-487e-ab56-38597ce44474_video_7.mp4?amznDtid=AOAGZA014O5RE,url_top_tv
A Private Affair,https://www.primevideo.com/detail/0H9OL70XZPI6NDA52LWF2CVVBP/ref=atv_br_def_r_br_c_lAPtVnsmr_1_137,https://www.primevideo.com/detail/0H9OL70XZPI6NDA52LWF2CVVBP/ref=atv_hm_fcv_prime_sd_mv_resume_t1ACAAAAAA0wh0?autoplay=1&t=0,https://a199avoddashs3ww-a.akamaihd.net/d/2$2RCRL7nGejD3or8VeeQnrYGbC2o~/ondemand/ww_dub/524c/f21f/f24b/4695-86a4-d5a90d4ef3d0/fd940683-6d52-412a-bc29-c9ced7530d12_video_7.mp4?amznDtid=AOAGZA014O5RE,url_top_tv
Charmed,https://www.primevideo.com/detail/0H3D23V59I20GX6V7W1E5CWGGK/ref=atv_br_def_r_br_c_lAPtVnsmr_1_138,https://www.primevideo.com/detail/0H3D23V59I20GX6V7W1E5CWGGK/ref=atv_hm_fcv_prime_sd_mv_resume_t1ACAAAAAA0wh0?autoplay=1&t=0,https://s3-dub-2.cf.dash.row.aiv-cdn.net/dm/2$FxK_b0YBrsarVMQWOnCgoeXVJb4~/472e/ebc8/b686/4fa9-ba0d-41d0e46eb7af/08277c7d-86bb-495a-97fa-24aa908b296e_video_7.mp4?amznDtid=AOAGZA014O5RE,url_top_tv
Demon Slayer,https://www.primevideo.com/detail/0GBRS4DCD3G810O500IDYA7EHP/ref=atv_br_def_r_br_c_lAPtVnsmr_1_139,https://www.primevideo.com/detail/0GBRS4DCD3G810O500IDYA7EHP/ref=atv_hm_fcv_prime_sd_mv_resume_t1ACAAAAAA0wh0?autoplay=1&t=0,https://s3-dub-2.cf.dash.row.aiv-cdn.net/dm/2$w9z0nQrC3k8CB2F7KGH1zTXJc90~/cd12/ec62/6489/455b-a69e-db2908dd5e3b/54e51d4e-4c06-441c-942c-1f921ca89256_video_7.mp4?amznDtid=AOAGZA014O5RE,url_top_tv
The Boarding School: Las Cumbres,https://www.primevideo.com/detail/0HY6R3GJGXP8ZRWTAMC24VXOLK/ref=atv_br_def_r_br_c_lAPtVnsmr_1_140,https://www.primevideo.com/detail/0HY6R3GJGXP8ZRWTAMC24VXOLK/ref=atv_hm_fcv_prime_sd_mv_resume_t1ACAAAAAA0wh0?autoplay=1&t=0,https://s3-dub-2.cf.dash.row.aiv-cdn.net/dm/2$Ieo2qBQnb_RzZUkjqd8zEFOy6Pc~/a628/af04/6f26/4710-94f7-a274b533d8cc/2f06c2e0-6390-4d16-92ce-36f4229c904a_video_7.mp4?amznDtid=AOAGZA014O5RE,url_top_tv
Coeurs Noirs,https://www.primevideo.com/detail/0G76HB0JSOPYVJ35NEHVUSPGRK/ref=atv_br_def_r_br_c_lAPtVnsmr_1_141,https://www.primevideo.com/detail/0G76HB0JSOPYVJ35NEHVUSPGRK/ref=atv_hm_fcv_prime_sd_mv_resume_t1ACAAAAAA0wh0?autoplay=1&t=0,https://m-4562s3.ll.dash.row.aiv-cdn.net/d/2$uQq-RMb-6rwYqmD5_jYTymB8tYc~/iad_2/2fc3/1f1e/bfa2/4c1f-91f2-1eb8c8e33c6e/c55d9704-9aba-4e14-868e-02f2b701732e_video_7.mp4?amznDtid=AOAGZA014O5RE,url_top_tv
Wild Isles,https://www.primevideo.com/detail/0P8LLZ41N3WFD3Y6VEPWVC72MX/ref=atv_br_def_r_br_c_lAPtVnsmr_1_151,https://www.primevideo.com/detail/0P8LLZ41N3WFD3Y6VEPWVC72MX/ref=atv_hm_fcv_prime_sd_mv_resume_t1ACAAAAAA0wh0?autoplay=1&t=0,https://s3-dub-2.cf.dash.row.aiv-cdn.net/dm/2$J29YYhZBu3cK6wV20vBTUfWC3vo~/c650/0f22/5aa9/4076-91b7-06fac9244077/499dd9ec-849a-4df7-a556-edd95e9f4215_video_7.mp4?amznDtid=AOAGZA014O5RE,url_top_tv
Law & Order,https://www.primevideo.com/detail/0T9LA1MYOH2UK0B5HAM6CB1HQ7/ref=atv_br_def_r_br_c_lAPtVnsmr_1_152,https://www.primevideo.com/detail/0T9LA1MYOH2UK0B5HAM6CB1HQ7/ref=atv_hm_fcv_prime_sd_mv_resume_t1ACAAAAAA0wh0?autoplay=1&t=0,https://s3-dub-2.cf.dash.row.aiv-cdn.net/dm/2$GK31YIHGu-o68WAE4qaUeP1oIiE~/cf4d/52e1/974f/4f13-ac11-f80ad878e409/06b32df8-3a6e-4ba9-9a67-09dc824aca6c_video_7.mp4?amznDtid=AOAGZA014O5RE,url_top_tv
Prisma,https://www.primevideo.com/detail/0K4GWNEM137KGXTSUDQLDFDYTQ/ref=atv_br_def_r_br_c_lAPtVnsmr_1_153,https://www.primevideo.com/detail/0K4GWNEM137KGXTSUDQLDFDYTQ/ref=atv_hm_fcv_prime_sd_mv_resume_t1ACAAAAAA0wh0?autoplay=1&t=0,https://s3-dub-2.cf.dash.row.aiv-cdn.net/dm/2$Sv293MRxJaVbEErmsJ1TvnKkWZg~/ea68/914a/f83c/4800-9cc5-3c3895836cee/64dc15a9-ed0d-4ce3-983d-410274f0a1b1_video_7.mp4?amznDtid=AOAGZA014O5RE,url_top_tv
Celebrity Hunted - France - Manhunt,https://www.primevideo.com/detail/0FAE20MDO8F2X8XLPQ8LYEEJWV/ref=atv_br_def_r_br_c_lAPtVnsmr_1_154,https://www.primevideo.com/detail/0FAE20MDO8F2X8XLPQ8LYEEJWV/ref=atv_hm_fcv_prime_sd_mv_resume_t1ACAAAAAA0wh0?autoplay=1&t=0,https://s3-dub-2.cf.dash.row.aiv-cdn.net/dm/2$cOhfW8JK5nfYKuK5aSFLNS9nlqw~/9557/65af/b200/4284-b8e5-21b1e1f71aab/66f83d53-05e1-46a6-80c5-4b6c22d98883_video_7.mp4?amznDtid=AOAGZA014O5RE,url_top_tv
Tales from the Loop,https://www.primevideo.com/detail/0IZJLPR9WFYI965ZVREZFLJYPD/ref=atv_br_def_r_br_c_lAPtVnsmr_1_155,https://www.primevideo.com/detail/0IZJLPR9WFYI965ZVREZFLJYPD/ref=atv_hm_fcv_prime_sd_mv_resume_t1ACAAAAAA0wh0?autoplay=1&t=0,https://s3-dub-2.cf.dash.row.aiv-cdn.net/dm/2$VsZmHKiFHJBYeJk-2cXK8U6aqBk~/2c50/9e20/d91c/4405-b5cb-a15e68e87869/8b1e758e-0189-4c4b-b270-7b86b10f2052_video_11.mp4?amznDtid=AOAGZA014O5RE,url_top_tv
Animal Kingdom,https://www.primevideo.com/detail/0IR0YQA7UZ90KPTRPZ3R967XSZ/ref=atv_br_def_r_br_c_lAPtVnsmr_1_156,https://www.primevideo.com/detail/0IR0YQA7UZ90KPTRPZ3R967XSZ/ref=atv_hm_fcv_prime_sd_mv_resume_t1ACAAAAAA0wh0?autoplay=1&t=0,https://s3-dub-2.cf.dash.row.aiv-cdn.net/dm/2$qjPaABYSU_Xo11XGMn_bLkHNxUo~/a0eb/a870/300f/4383-bc92-1576809f79f2/5cda0105-1b16-43f6-bbea-64eb17175e8a_video_7.mp4?amznDtid=AOAGZA014O5RE,url_top_tv
Justified,https://www.primevideo.com/detail/0GHXJ4DES9HWKI277RCNTE405A/ref=atv_br_def_r_br_c_lAPtVnsmr_1_158,https://www.primevideo.com/detail/0GHXJ4DES9HWKI277RCNTE405A/ref=atv_hm_fcv_prime_sd_mv_resume_t1ACAAAAAA0wh0?autoplay=1&t=0,https://s3-dub-2.cf.dash.row.aiv-cdn.net/dm/2$J2XV_A4dYFEcMebpFaWL6t97-qk~/88bf/a9f2/8c51/4440-b658-422d48e36108/c6178c67-c26c-4d8b-b052-b17b6291d50e_video_7.mp4?amznDtid=AOAGZA014O5RE,url_top_tv
The Goldbergs,https://www.primevideo.com/detail/0RIFBD0ZK9LUFSJ4IHB020Y668/ref=atv_br_def_r_br_c_lAPtVnsmr_1_159,https://www.primevideo.com/detail/0RIFBD0ZK9LUFSJ4IHB020Y668/ref=atv_hm_fcv_prime_sd_mv_resume_t1ACAAAAAA0wh0?autoplay=1&t=0,https://s3-dub-2.cf.dash.row.aiv-cdn.net/dm/2$QfphxTrt6vYr73g-dA3JEMnyY-Y~/f736/b6be/d846/4f1e-9b65-fcedf1fa9eeb/d779d624-3577-4a44-8932-ae692eaa3e5b_video_7.mp4?amznDtid=AOAGZA014O5RE,url_top_tv
Pretty Little Liars: Original Sin,https://www.primevideo.com/detail/0RS95ER1GDV7XBDA1GGCUZKYHE/ref=atv_br_def_r_br_c_lAPtVnsmr_1_160,https://www.primevideo.com/detail/0RS95ER1GDV7XBDA1GGCUZKYHE/ref=atv_hm_fcv_prime_sd_mv_resume_t1ACAAAAAA0wh0?autoplay=1&t=0,https://s3-dub-2.cf.dash.row.aiv-cdn.net/dm/2$h74AVrWMgcqKkVjTjjpTAPpQq5U~/5a21/04ca/7204/4a52-bc98-380f10daaf35/a1fd3f71-adda-4b64-950f-f586c4abdd9e_video_7.mp4?amznDtid=AOAGZA014O5RE,url_top_tv
Preacher,https://www.primevideo.com/detail/0IIE9NXIF2DEKZVON3Q2KEBEAR/ref=atv_br_def_r_br_c_lAPtVnsmr_1_161,https://www.primevideo.com/detail/0IIE9NXIF2DEKZVON3Q2KEBEAR/ref=atv_hm_fcv_prime_sd_mv_resume_t1ACAAAAAA0wh0?autoplay=1&t=0,https://s3-dub-2.cf.dash.row.aiv-cdn.net/dm/2$SK3gQOJJicvSgHQ2L685oaL_zME~/fbb7/5313/05a1/457f-8c27-14abb4944255/24b96fe4-5a72-408a-8a2e-d1d4613ec3a1_video_8.mp4?amznDtid=AOAGZA014O5RE,url_top_tv
Just Add Magic,https://www.primevideo.com/detail/0JT9QJ3BTFIO33XC836JB6XJIV/ref=atv_br_def_r_br_c_lAPtVnsmr_1_162,https://www.primevideo.com/detail/0JT9QJ3BTFIO33XC836JB6XJIV/ref=atv_hm_fcv_prime_sd_mv_resume_t1ACAAAAAA0wh0?autoplay=1&t=0,https://s3-dub-2.cf.dash.row.aiv-cdn.net/dm/2$jvHxd9iQWJ4VMBgGxNA2kfduR_E~/bf68/92f3/8b23/4375-bdf6-193b141f1d05/90a7a705-52dd-4f40-ab27-150a9d2dbc84_video_7.mp4?amznDtid=AOAGZA014O5RE,url_top_tv
I Know What You Did Last Summer,https://www.primevideo.com/detail/0TUHE2B58GS0P1GH1500DA4TYV/ref=atv_br_def_r_br_c_lAPtVnsmr_1_163,https://www.primevideo.com/detail/0TUHE2B58GS0P1GH1500DA4TYV/ref=atv_hm_fcv_prime_sd_mv_resume_t1ACAAAAAA0wh0?autoplay=1&t=0,https://s3-dub-2.cf.dash.row.aiv-cdn.net/dm/2$B9DP0xb51ZVXkbhqVMYHh5GEvoQ~/96e4/4df9/a480/4ee3-9685-b9b485bc8ea0/f56a9110-4ab8-40fd-97ec-6f8107378188_video_7.mp4?amznDtid=AOAGZA014O5RE,url_top_tv
The Good Fight,https://www.primevideo.com/detail/0FJWJBICY29IJTY932EVUOS5HA/ref=atv_br_def_r_br_c_lAPtVnsmr_1_166,https://www.primevideo.com/detail/0FJWJBICY29IJTY932EVUOS5HA/ref=atv_hm_fcv_prime_sd_mv_resume_t1ACAAAAAA0wh0?autoplay=1&t=0,https://s3-dub-2.cf.dash.row.aiv-cdn.net/dm/2$qJxu9P5zsPHLgHijyYIdBn2FOvE~/ac20/3962/8f09/47b7-8397-990fa30f76fa/a5efbcba-d147-4c37-93fc-0c0a77b5f6ac_video_7.mp4?amznDtid=AOAGZA014O5RE,url_top_tv
LOL - Last One Laughing Spain,https://www.primevideo.com/detail/0RE81DIYPNJJHAJPRV9NQ7DYAR/ref=atv_br_def_r_br_c_lAPtVnsmr_1_167,https://www.primevideo.com/detail/0RE81DIYPNJJHAJPRV9NQ7DYAR/ref=atv_hm_fcv_prime_sd_mv_resume_t1ACAAAAAA0wh0?autoplay=1&t=0,https://s3-dub-2.cf.dash.row.aiv-cdn.net/dm/2$TA4nIiE1zeGVmw3dj8kIhnJ-3hg~/a94c/a0db/5657/4631-96d6-a94969f4e860/342fb125-bba6-464c-bae4-6bbb8ac2e737_video_7.mp4?amznDtid=AOAGZA014O5RE,url_top_tv
"Miskina, Poor Thing",https://www.primevideo.com/detail/0O2MBC1F89QQJ0WWW0X22KD5IQ/ref=atv_br_def_r_br_c_lAPtVnsmr_1_168,https://www.primevideo.com/detail/0O2MBC1F89QQJ0WWW0X22KD5IQ/ref=atv_hm_fcv_prime_sd_mv_resume_t1ACAAAAAA0wh0?autoplay=1&t=0,https://s3-dub-2.cf.dash.row.aiv-cdn.net/dm/2$q9lx_GErdVIMh8mYi49VdtmR9rY~/8afb/c94b/ef95/4f9a-aa92-5b00c8f259e0/574b5954-87c8-46f1-9d12-32ffb10e1393_video_7.mp4?amznDtid=AOAGZA014O5RE,url_top_tv
The Bold Type,https://www.primevideo.com/detail/0P54PVVNMZ380EU4HH24SWKTE1/ref=atv_br_def_r_br_c_lAPtVnsmr_1_169,https://www.primevideo.com/detail/0P54PVVNMZ380EU4HH24SWKTE1/ref=atv_hm_fcv_prime_sd_mv_resume_t1ACAAAAAA0wh0?autoplay=1&t=0,https://s3-dub-2.cf.dash.row.aiv-cdn.net/dm/2$kbpOchfnc36LVin83Yntb0mtb-M~/11d5/2bcc/3305/4d5a-832d-e3e60c9b4d1a/d54b1c03-ae1a-4c62-86e8-f5ffb0192e71_video_7.mp4?amznDtid=AOAGZA014O5RE,url_top_tv
Absentia,https://www.primevideo.com/detail/0NLPXEOVLCL97XOCEIZZBCJY57/ref=atv_br_def_r_br_c_lAPtVnsmr_1_170,https://www.primevideo.com/detail/0NLPXEOVLCL97XOCEIZZBCJY57/ref=atv_hm_fcv_prime_sd_mv_resume_t1ACAAAAAA0wh0?autoplay=1&t=0,https://avodmp4s3ww-a.akamaihd.net/ww_dub/76ae/3580/22a8/4335-b4ea-76d01c9120cb/b795c90a-13ae-4edd-ab57-02e26546572a_video_480p_600kbps_audio_aaclc_128kbps.mp4,url_top_tv
James May: Our Man Inâ¦,https://www.primevideo.com/detail/0STW2TNO2A4OWKYONO0U89H51V/ref=atv_br_def_r_br_c_lAPtVnsmr_1_172,https://www.primevideo.com/detail/0STW2TNO2A4OWKYONO0U89H51V/ref=atv_hm_fcv_prime_sd_mv_resume_t1ACAAAAAA0wh0?autoplay=1&t=0,https://s3-dub-2.cf.dash.row.aiv-cdn.net/dm/2$w-pw1mzhH7MGne8xWSezqjjbwC0~/51fd/d795/8482/44a6-9d6e-dc9242ffba1f/264edf18-d598-47bd-b35a-beb8744cb99d_video_7.mp4?amznDtid=AOAGZA014O5RE,url_top_tv
The Tick,https://www.primevideo.com/detail/0H39IJF8ZG3CT38AZ8L94PVWWU/ref=atv_br_def_r_br_c_lAPtVnsmr_1_173,https://www.primevideo.com/detail/0H39IJF8ZG3CT38AZ8L94PVWWU/ref=atv_hm_fcv_prime_sd_mv_resume_t1ACAAAAAA0wh0?autoplay=1&t=0,https://s3-dub-2.cf.dash.row.aiv-cdn.net/dm/2$Puk0b6mFD9vuEcsjI00snWwOJ-0~/f389/e670/8ec6/4578-ae79-61ec099da7e2/762789e1-d0c0-4a5d-ba85-be4ab88647e4_video_11.mp4?amznDtid=AOAGZA014O5RE,url_top_tv
The Shield,https://www.primevideo.com/detail/0LL7YKE0H8160H1RDQ0ATUYZ4P/ref=atv_br_def_r_br_c_lAPtVnsmr_1_175,https://www.primevideo.com/detail/0LL7YKE0H8160H1RDQ0ATUYZ4P/ref=atv_hm_fcv_prime_sd_mv_resume_t1ACAAAAAA0wh0?autoplay=1&t=0,https://s3-dub-2.cf.dash.row.aiv-cdn.net/dm/2$Vaf4SdAVJagyvj-guWdTjEex-NA~/9e44/cc1d/6cfc/4252-9f5f-c2ff6f1452f5/40b9fcc7-e758-471c-bbeb-e0a88293a3ec_video_11.mp4?amznDtid=AOAGZA014O5RE,url_top_tv
BOUNDLESS,https://www.primevideo.com/detail/0LI59H74YQS3JFS620EE7OXZZK/ref=atv_br_def_r_br_c_lAPtVnsmr_1_176,https://www.primevideo.com/detail/0LI59H74YQS3JFS620EE7OXZZK/ref=atv_hm_fcv_prime_sd_mv_resume_t1ACAAAAAA0wh0?autoplay=1&t=0,https://s3-dub-2.cf.dash.row.aiv-cdn.net/dm/2$iChImSab5-jtnRZDcOaXQGzXxGc~/b4bd/92fc/70f9/4012-9061-6a68c76ba3ab/deefc608-1f02-4e4c-ab9d-f698d2e82bc6_video_7.mp4?amznDtid=AOAGZA014O5RE,url_top_tv
Star Trek: Lower Decks,https://www.primevideo.com/detail/0IEABRVAL2FW9H9I921HAVK03T/ref=atv_br_def_r_br_c_lAPtVnsmr_1_177,https://www.primevideo.com/detail/0IEABRVAL2FW9H9I921HAVK03T/ref=atv_hm_fcv_prime_sd_mv_resume_t1ACAAAAAA0wh0?autoplay=1&t=0,https://s3-dub-2.cf.dash.row.aiv-cdn.net/dm/2$cbFXtv_ptDKjyiOWr0TOiF_V7hg~/ea01/4f1f/507d/41ca-b8bf-75792843228a/bd2a9398-9fde-4888-9900-6acf7470c671_video_7.mp4?amznDtid=AOAGZA014O5RE,url_top_tv
Philip K. Dick's Electric Dreams,https://www.primevideo.com/detail/0TEKZVLTXDF4H8MD5N9RUHGO9H/ref=atv_br_def_r_br_c_lAPtVnsmr_1_179,https://www.primevideo.com/detail/0TEKZVLTXDF4H8MD5N9RUHGO9H/ref=atv_hm_fcv_prime_sd_mv_resume_t1ACAAAAAA0wh0?autoplay=1&t=0,https://s3-dub-2.cf.dash.row.aiv-cdn.net/dm/2$1mrTcKDyUJLsTBKbB2x-uQPxEag~/009b/16f9/6fe6/4289-a1a8-4dbc0c2af652/b8f6c54d-0052-474c-88dd-bf0afd36f936_video_7.mp4?amznDtid=AOAGZA014O5RE,url_top_tv
Condor,https://www.primevideo.com/detail/0T1V8A6QLS8GD6OGAV9G9OGJ6Q/ref=atv_br_def_r_br_c_lAPtVnsmr_1_180,https://www.primevideo.com/detail/0T1V8A6QLS8GD6OGAV9G9OGJ6Q/ref=atv_hm_fcv_prime_sd_mv_resume_t1ACAAAAAA0wh0?autoplay=1&t=0,https://s3-dub-2.cf.dash.row.aiv-cdn.net/dm/2$3V1fE6E_Q9au-QIwEkXCPFFKygY~/63ec/6049/f987/40d6-8deb-e08c629157a5/27f30e50-5b95-42a4-9aec-2484da832e46_video_11.mp4?amznDtid=AOAGZA014O5RE,url_top_tv
Arrow,https://www.primevideo.com/detail/0JKU3ILHFADTSV4QBRQYC0YKYE/ref=atv_br_def_r_br_c_lAPtVnsmr_1_194,https://www.primevideo.com/detail/0JKU3ILHFADTSV4QBRQYC0YKYE/ref=atv_hm_fcv_prime_sd_mv_resume_t1ACAAAAAA0wh0?autoplay=1&t=0,https://s3-dub-2.cf.dash.row.aiv-cdn.net/dm/2$sq4vQ-f-i-wMCC6FEf7Djckeyho~/6726/c2ff/ad31/4f25-9377-ec31e4ad8a9d/8a40d918-02ff-402b-8093-01a5b1fdd774_video_7.mp4?amznDtid=AOAGZA014O5RE,url_top_tv
Legacies,https://www.primevideo.com/detail/0TB8XPHNP9VQ6SUAVMW466MNFF/ref=atv_br_def_r_br_c_lAPtVnsmr_1_59,https://www.primevideo.com/detail/0TB8XPHNP9VQ6SUAVMW466MNFF/ref=atv_hm_fcv_prime_sd_mv_resume_t1ACAAAAAA0wh0?autoplay=1&t=0,https://s3-dub-2.cf.dash.row.aiv-cdn.net/dm/2$tgN84a9uWB-ytzlo9azEhRb1xL0~/e2fd/a353/c971/4a9e-ba80-450f812e6948/582ea5a6-c0ff-403e-ac34-3e99154265b3_video_8.mp4?amznDtid=AOAGZA014O5RE,url_top_tv
James May: Oh Cook!,https://www.primevideo.com/detail/0IYZZHHI3YE7N7432YDCDB857P/ref=atv_br_def_r_br_c_lAPtVnsmr_1_74,https://www.primevideo.com/detail/0IYZZHHI3YE7N7432YDCDB857P/ref=atv_hm_fcv_prime_sd_mv_resume_t1ACAAAAAA0wh0?autoplay=1&t=0,https://s3-dub-2.cf.dash.row.aiv-cdn.net/dm/2$dEEzIBYR1-Gx-niJ_nbvKdOmadI~/6444/6c49/ba9b/4a57-9886-d40c454aa857/e2ccf022-46ef-420f-b3c1-be3aa78dd023_video_8.mp4?amznDtid=AOAGZA014O5RE,url_top_tv
The Wilds,https://www.primevideo.com/detail/0JXO0Y1EY6YW6RWRI3989XLG2B/ref=atv_br_def_r_br_c_lAPtVnsmr_1_112,https://www.primevideo.com/detail/0JXO0Y1EY6YW6RWRI3989XLG2B/ref=atv_hm_fcv_prime_sd_mv_resume_t1ACAAAAAA0wh0?autoplay=1&t=0,https://s3-dub-2.cf.dash.row.aiv-cdn.net/dm/2$w1TnVN3gmViibnf6QoV2Kvy13Wk~/4bd9/401a/406e/4c39-920e-a0bc23ef7abc/a72e331b-b772-4806-adff-33481b038675_video_12.mp4?amznDtid=AOAGZA014O5RE,url_top_tv
Fakes (Farzi),https://www.primevideo.com/detail/0HQNZ0NEOP9BEGU35D6GHNDXUG/ref=atv_br_def_r_br_c_lAPtVnsmr_1_116,https://www.primevideo.com/detail/0HQNZ0NEOP9BEGU35D6GHNDXUG/ref=atv_hm_fcv_prime_sd_mv_resume_t1ACAAAAAA0wh0?autoplay=1&t=0,https://s3-dub-2.cf.dash.row.aiv-cdn.net/dm/2$HBWZjxfoR46caafeKMp1j6fXXg4~/7917/6a5a/c253/4085-b608-03df204a4526/a11dde3d-e68e-4e58-b605-6bd721425af0_video_9.mp4?amznDtid=AOAGZA014O5RE,url_top_tv
The Widow,https://www.primevideo.com/detail/0G0Y38ND7IBQ4YI1BXEYJTJG58/ref=atv_br_def_r_br_c_lAPtVnsmr_1_138,https://www.primevideo.com/detail/0G0Y38ND7IBQ4YI1BXEYJTJG58/ref=atv_hm_fcv_prime_sd_mv_resume_t1ACAAAAAA0wh0?autoplay=1&t=0,https://m-1203s3.ll.dash.row.aiv-cdn.net/d/2$3ilZqeiaeeHbhyvxn799FJkwOw0~/iad_2/c009/1c6b/28af/4fa8-beef-f73986d87f71/f8fffd3f-6e82-4fe0-b8dd-1286cb46d28d_video_8.mp4?amznDtid=AOAGZA014O5RE,url_top_tv
